{"_runtime":49,"_wandb":{"runtime":49},"_step":0,"batch":0,"batch_loss":4.222862243652344,"epoch":0,"batch_in_epoch":0,"_timestamp":1.7749896638972201e+09}