{"_runtime":78,"batch_loss":4.219825744628906,"epoch":0,"batch_in_epoch":0,"_timestamp":1.774996544105692e+09,"_step":0,"batch":0,"_wandb":{"runtime":78}}